NUP,NDO,NST,NSEA,AUP,ADO,AST,ASEA,BUP,BDO,BST,BSEA,PP,MSS,coef,chi_sq
0.16370834785833427,-0.2228650451622101,-0.08774362744140216,-0.10929832658237477,0.0,0.26885883822555406,0.24449553576134114,0.0,2.7360548300315464,0.0,0.0,1.7569144883728047,0.10201337099095531,0.0,0.27,1.622
