NUP,NDO,NST,NSEA,AUP,ADO,AST,ASEA,BUP,BDO,BST,BSEA,PP,MSS,coef,chi_sq
0.18699700032168415,-0.09905381394557267,-0.17916331894537235,-0.15773948480282513,0.0,0.0,1.4069611035868201,0.0,2.316282742474854,1.0847395257312973,0.0,0.0,0.11588084219461975,0.0,0.27,1.657
