NUP,NDO,NST,NSEA,AUP,ADO,AST,ASEA,BUP,BDO,BST,BSEA,PP,MSS,coef,chi_sq
1.0526146036849746,-0.11447470621504728,-0.057936601444000854,-0.8796790127215891,0.0,0.0,1.240914682616767,0.0,8.05083263806633,0.0,0.0,8.219114687640552,0.19999999933027707,0.0,0.2,2.978
