NUP,NDO,NST,NSEA,AUP,ADO,AST,ASEA,BUP,BDO,BST,BSEA,PP,MSS,coef,chi_sq
0.1436351401766659,-0.14012427169108932,-0.15129467433114158,-0.08996012623504701,0.0,0.0,2.045890906088653,0.0,3.5702950433482443,0.0,0.0,2.6063421133152724,0.09731857958602752,0.0,0.27,1.174
